<?xml version="1.0" encoding="UTF-8" standalone="no"?>
<beans xmlns="http://www.springframework.org/schema/beans"
	xmlns:xsi="http://www.w3.org/2001/XMLSchema-instance" xmlns:p="http://www.springframework.org/schema/p"
	xmlns:c="http://www.springframework.org/schema/c"
	xsi:schemaLocation="http://www.springframework.org/schema/beans http://www.springframework.org/schema/beans/spring-beans-3.2.xsd">

	<bean id="bankDetails" class="sample.spring.chapter03.beans.BankDetails"
		p:bankName="My Personal Bank" p:bankPrimaryBusiness="Retail banking"
		p:headOfficeAddress="Address of head office" p:privateBank="Y"
		p:primaryCurrency="INR" p:dateOfInception="30-01-2012"
		p:branchAddresses-ref="branchAddresses" />

	<bean id="branchAddresses" class="sample.spring.chapter03.beans.Address">
		<property name="addresses">
			<map>
				<entry>
					<key>
						<value>x</value>
					</key>
					<value>Branch X's address</value>
				</entry>
				<entry>
					<key>
						<value>y</value>
					</key>
					<value>Branch Y's address</value>
				</entry>
			</map>
		</property>
	</bean>

	<bean id="bankStatement" class="sample.spring.chapter03.beans.BankStatement"
		c:transactionDate="30-01-2012" c:amount="1000" c:transactionType="Credit"
		c:referenceNumber="1110202" />

	<bean class="org.springframework.beans.factory.config.CustomEditorConfigurer">
		<property name="propertyEditorRegistrars">
			<list>
				<ref bean="myPropertyRegistrar" />
			</list>
		</property>
	</bean>

	<bean id="myPropertyRegistrar" class="sample.spring.chapter03.beans.MyPropertyRegistrar" />
</beans>