<?xml version="1.0" encoding="UTF-8" standalone="no"?>
<beans xmlns="http://www.springframework.org/schema/beans"
	xmlns:xsi="http://www.w3.org/2001/XMLSchema-instance"
	xsi:schemaLocation="http://www.springframework.org/schema/beans http://www.springframework.org/schema/beans/spring-beans-3.2.xsd">

	<bean id="service"
		class="sample.spring.chapter03.bankapp.service.FixedDepositServiceImpl">
		<property name="fixedDepositDao" ref="dao" />
		<property name="eventSender" ref="eventSenderFactory" />
	</bean>

	<bean id="dao"
		class="sample.spring.chapter03.bankapp.dao.FixedDepositDaoImpl" />
	
	<bean id="eventSenderFactory" class="sample.spring.chapter03.bankapp.event.EventSenderFactoryBean">
		<property name="databasePropertiesFile" value="META-INF/config/database.properties"/>
	</bean>
</beans>