<?xml version="1.0" encoding="UTF-8" standalone="no"?>
<beans xmlns="http://www.springframework.org/schema/beans"
	xmlns:context="http://www.springframework.org/schema/context"
	xmlns:xsi="http://www.w3.org/2001/XMLSchema-instance"
	xsi:schemaLocation="http://www.springframework.org/schema/beans http://www.springframework.org/schema/beans/spring-beans-3.2.xsd http://www.springframework.org/schema/context 
        http://www.springframework.org/schema/context/spring-context-4.0.xsd">

	<context:component-scan
		base-package="sample.spring.chapter14.domain, sample.spring.chapter14.dao, sample.spring.chapter14.service" />

	<context:property-placeholder
		location="classpath*:META-INF/spring/database.properties" />

	<bean class="org.apache.commons.dbcp.BasicDataSource"
		destroy-method="close" id="dataSource">
		<property name="driverClassName" value="${database.driverClassName}" />
		<property name="url" value="${database.url}" />
		<property name="username" value="${database.username}" />
		<property name="password" value="${database.password}" />
	</bean>

	<bean id="namedJdbcTemplate"
		class="org.springframework.jdbc.core.namedparam.NamedParameterJdbcTemplate">
		<constructor-arg index="0" ref="dataSource" />
	</bean>
</beans>